Athlete,Nationality
DIDERIKSEN AMALIE,Denmark
DMITRIEV DENIS,ROC
DORNBACH MAXIMILIAN,Germany
DOWNEY MARK,Ireland
DU PREEZ CHARLENE,South Africa
DUBCHENKO ALEKSANDR,ROC
DUEHRING JASMIN,Canada
DYGERT CHLOE,United States of America
EDMONDSON ANNETTE,Australia
EDMONDSTON HOLLY,New Zealand
ENGLISH FELIX,Ireland
EVANS NEAH,Great Britain
FIDANZA MARTINA,Italy
FOLEY MICHAEL,Canada
FOREMAN-MACKEY ANNIE,Canada
FORTIN VALENTINE,France
FRIEDRICH LEA SOPHIE,Germany
FROIDEVAUX ROBIN,Switzerland
FURUYAMA KIE,Japan
GANNA FILIPPO,Italy
GATE AARON,New Zealand
GAXIOLA GONZALEZ LUZ DANIELA,Mexico
GEE DEREK,Canada
GENEST LAURIANE,Canada
GHYS ROBBE,Belgium
GLADYSHEV IVAN,ROC
GLAETZER MATTHEW,Australia
GODBY MADALYN,United States of America
GOUGH REGAN,New Zealand
GRABOSCH PAULINE SOPHIE,Germany
GRAF ANDREAS,Austria
GRENGBO FLORIAN,France
GRONDIN DONAVAN,France
GROS MATHILDE,France
GROSS FELIX,Germany
GUAZZINI VITTORIA,Italy
GUO YUFANG,People's Republic of China
GURLEY LYDIA,Ireland
HANSEN LASSE NORMAN,Denmark
HART NATHAN,Australia
HASHIMOTO EIYA,Japan
HAVIK YOERI,Netherlands
HAYTER ETHAN,Great Britain
HEGYVARY ADRIAN,United States of America
HELAL RAYAN,France
HINDES PHILIP,Great Britain
HINZE EMMA,Germany
HODGES JESSIE,New Zealand
HOFFMAN LEIGH,Australia
HOOGLAND JEFFREY,Netherlands
HOOVER GAVIN,United States of America
HOWARD LEIGH,Australia
JAMES KIRSTIE,New Zealand
JAMIESON ADAM,Canada
JASTRAB MEGAN,United States of America
JOHANSEN JULIUS,Denmark
KAJIHARA YUMI,Japan
KARALIOK YAUHENI,Belarus
KARWACKA MARLENA,Poland
KAY EMILY,Ireland
KENNY JASON,Great Britain
KENNY LAURA,Great Britain
KERBY JORDAN,New Zealand
KERGOZOU DE LA BOESSIERE NICHOLAS,New Zealand
KHATUNTSEVA GULNAZ,ROC
KLEIN LISA,Germany
KLIMOVA DIANA,ROC
KLUGE ROGER,Germany
KNEISKY MORGAN,France
KNIGHT JOSIE,Great Britain
KOBAYASHI YUKA,Japan
KOPECKY LOTTE,Belgium
KROGER MIEKE,Germany
KRUPECKAITE SIMONA,Lithuania
LAMON FRANCESCO,Italy
LAMOUREUX JAY,Canada
LANDERNEAU MELVIN,France
LARSEN NIKLAS,Denmark
LAVREYSEN HARRIE,Netherlands
LE NET MARIE,France
LEAHY CONOR,Australia
LEE HYEJIN,Republic of Korea
LEE HOI YAN JESSICA,Hong Kong
LEE WAI SZE,Hong Kong
LETH JULIE,Denmark
LEUNG BO YEE,Hong Kong
LEVY MAXIMILIAN,Germany
LIU JIALI,People's Republic of China
LOS URSZULA,Poland
MADSEN FREDERIK,Denmark
MAKSEL KRZYSZTOF,Poland
MANLY ALEXANDRA,Australia
MARCHANT KATY,Great Britain
MAREE DAVID,South Africa
MAROZAITE MIGLE,Lithuania
MARTINS MARIA,Portugal
MATZNER STEFAN,Austria
MCCULLOCH KAARLE,Australia
MCCURLEY SHANNON,Ireland
MILAN JONATHAN,Italy
MITCHELL ETHAN,New Zealand
MITCHELL KELSEY,Canada
MORA VEDRI SEBASTIAN,Spain
MORKOV MICHAEL,Denmark
MUELLER ANDREAS,Austria
NAKAMURA KISATO,Japan
NIELSEN JAIME,New Zealand
NITTA YUDAI,Japan
NOVOLODSKAIA MARIIA,ROC
O'BRIEN KELLAND,Australia
ORBAN SARAH,Canada
OWENS RYAN,Great Britain
PANG YAO,Hong Kong
PATERNOSTER LETIZIA,Italy
PAUL NICHOLAS,Trinidad and Tobago
PEDERSEN RASMUS,Denmark
PIETERS AMY,Netherlands
PIKULIK DARIA,Poland
PIKULIK WIKTORIA,Poland
PLAPP LUCAS,Australia
PLOSAJ NIKOL,Poland
PLOUFFE MAEVE,Australia
PONOMARYOV SERGEY,Kazakhstan
PORTER ALEXANDER,Australia
PSZCZOLARSKI WOJCIECH,Poland
QUINTERO CHAVARRO KEVIN SANTIAGO,Colombia
RAJKOWSKI PATRYK,Poland
REINHARDT THEO,Germany
RICHARDSON MATTHEW,Australia
ROHDE LEON,Germany
RUDYK MATEUSZ,Poland
RYAN FINTAN,Ireland
RYAN KENDALL,United States of America
SAHROM MUHAMMAD SHAH FIRDAUS,Malaysia
SAJNOK SZYMON,Poland
SALAZAR VALLES JESSICA,Mexico
SARNECKI RAFAL,Poland
SAUNDERS CALLUM,New Zealand
SCHIR THERY,Switzerland
SCHMID MAURO,Switzerland
SHARAKOVA TATSIANA,Belarus
SHIELDS NICOLE,New Zealand
SHMELEVA DARIA,ROC
SIMMERLING GEORGIA,Canada
SPIES JEAN,South Africa
STANISZEWSKI DANIEL,Poland
STARIKOVA OLENA,Ukraine
STENBERG ANITA YVONNE,Norway
STEWART CAMPBELL,New Zealand
STRONG CORBIN,New Zealand
SUESSEMILCH LAURA,Germany
TANFIELD CHARLIE,Great Britain
THIEBAUD VALERE,Switzerland
THIERY CYRILLE,Switzerland
THOMAS BENJAMIN,France
TJON EN FA JAIR,Suriname
TORRES BARCELO ALBERT,Spain
VALENTE JENNIFER,United States of America
VAN DEN BERG ROY,Netherlands
VAN RIESSEN LAURINE,Netherlands
VAN SCHIP JAN WILLEM,Netherlands
VERDUGO OSUNA YULI,Mexico
VERNON ETHAN,Great Britain
VIGIER SEBASTIEN,France
VIVIANI ELIA,Italy
VOINOVA ANASTASIIA,ROC
VOLIKAKIS CHRISTOS,Greece
WAKIMOTO YUTA,Japan
WALLS MATTHEW,Great Britain
WAMMES NICK,Canada
WEBSTER SAM,New Zealand
WEINSTEIN DOMENIC,Germany
WELSFORD SAM,Australia
WHITE EMMA,United States of America
WILD KIRSTEN,Netherlands
WILLIAMS LILY,United States of America
WOLF JUSTIN,Germany
WOOD OLIVER,Great Britain
XU CHAO,People's Republic of China
YAKUSHEVSKIY PAVEL,ROC
YANG QIANYU,Hong Kong
ZAKHAROV ARTYOM,Kazakhstan
ZAYED AHMED EBTISSAM,Egypt
ZHONG TIANSHI,People's Republic of China
ALZINI MARTINA,Italy
ANDREWS ELLESSE,New Zealand
ANKUDINOFF ASHLEE,Australia
ANTONOVA NATALIIA,ROC
ARCHIBALD KATIE,Great Britain
AWANG MOHD AZIZULHASNI,Malaysia
BABEK TOMAS,Czech Republic
BAKER GEORGIA,Australia
BALSAMO ELISA,Italy
BAO SHANJU,People's Republic of China
BARBIERI RACHELE,Italy
BARKER ELINOR,Great Britain
BARRETTE HUGO,Canada
BASOVA LIUBOV,Ukraine
BECKER CHARLOTTE,Germany
BERTAZZO LIAM,Italy
BERTEAU VICTOIRE,France
BEVERIDGE ALLISON,Canada
BICHLER TIMO,Germany
BISSEGGER STEFAN,Switzerland
BONHOMME ARIANE,Canada
BORRAS MARION,France
BOSSUYT SHARI,Belgium
BOTHA BRYONY,New Zealand
BOTTICHER STEFAN,Germany
BRASPENNINCX SHANNE,Netherlands
BRAUSSE FRANZISKA,Germany
BROWNE KWESI,Trinidad and Tobago
BUCHANAN RUSHLEE,New Zealand
BUCHLI MATTHIJS,Netherlands
CARLIN JACK,Great Britain
CLANCY EDWARD,Great Britain
CONSONNI SIMONE,Italy
COPPONI CLARA,France
D'HOORE JOLIEN,Belgium
DAKIN SAM,New Zealand
DE HAITRE VINCENT,Canada
DE KETELE KENNY,Belgium
DE VYLDER LINDSAY,Belgium
DEMAY CORALIE,France
